variant_id,gene_name,alpha_missense
var_1,gene_1,0.3745401188473625
var_2,gene_2,0.9507143064099162
var_3,gene_3,0.7319939418114051
var_4,gene_4,0.5986584841970366
var_5,gene_5,0.15601864044243652
var_6,gene_6,0.15599452033620265
var_7,gene_7,0.05808361216819946
var_8,gene_8,0.8661761457749352
var_9,gene_9,0.6011150117432088
var_10,gene_10,0.7080725777960455
var_11,gene_11,0.020584494295802447
var_12,gene_12,0.9699098521619943
var_13,gene_13,0.8324426408004217
var_14,gene_14,0.21233911067827616
var_15,gene_15,0.18182496720710062
var_16,gene_16,0.18340450985343382
var_17,gene_17,0.3042422429595377
var_18,gene_18,0.5247564316322378
var_19,gene_19,0.43194501864211576
var_20,gene_20,0.2912291401980419
var_21,gene_21,0.6118528947223795
var_22,gene_22,0.13949386065204183
var_23,gene_23,0.29214464853521815
var_24,gene_24,0.3663618432936917
var_25,gene_25,0.45606998421703593
var_26,gene_26,0.7851759613930136
var_27,gene_27,0.19967378215835974
var_28,gene_28,0.5142344384136116
var_29,gene_29,0.5924145688620425
var_30,gene_30,0.046450412719997725
var_31,gene_31,0.6075448519014384
var_32,gene_32,0.17052412368729153
var_33,gene_33,0.06505159298527952
var_34,gene_34,0.9488855372533332
var_35,gene_35,0.9656320330745594
var_36,gene_36,0.8083973481164611
var_37,gene_37,0.3046137691733707
var_38,gene_38,0.09767211400638387
var_39,gene_39,0.6842330265121569
var_40,gene_40,0.4401524937396013
var_41,gene_41,0.12203823484477883
var_42,gene_42,0.4951769101112702
var_43,gene_43,0.034388521115218396
var_44,gene_44,0.9093204020787821
var_45,gene_45,0.2587799816000169
var_46,gene_46,0.662522284353982
var_47,gene_47,0.31171107608941095
var_48,gene_48,0.5200680211778108
var_49,gene_49,0.5467102793432796
var_50,gene_50,0.18485445552552704
var_51,gene_1,0.9695846277645586
var_52,gene_2,0.7751328233611146
var_53,gene_3,0.9394989415641891
var_54,gene_4,0.8948273504276488
var_55,gene_5,0.5978999788110851
var_56,gene_6,0.9218742350231168
var_57,gene_7,0.0884925020519195
var_58,gene_8,0.1959828624191452
var_59,gene_9,0.045227288910538066
var_60,gene_10,0.32533033076326434
var_61,gene_11,0.388677289689482
var_62,gene_12,0.2713490317738959
var_63,gene_13,0.8287375091519293
var_64,gene_14,0.3567533266935893
var_65,gene_15,0.28093450968738076
var_66,gene_16,0.5426960831582485
var_67,gene_17,0.14092422497476265
var_68,gene_18,0.8021969807540397
var_69,gene_19,0.07455064367977082
var_70,gene_20,0.9868869366005173
var_71,gene_21,0.7722447692966574
var_72,gene_22,0.1987156815341724
var_73,gene_23,0.005522117123602399
var_74,gene_24,0.8154614284548342
var_75,gene_25,0.7068573438476171
var_76,gene_26,0.7290071680409873
var_77,gene_27,0.7712703466859457
var_78,gene_28,0.07404465173409036
var_79,gene_29,0.3584657285442726
var_80,gene_30,0.11586905952512971
var_81,gene_31,0.8631034258755935
var_82,gene_32,0.6232981268275579
var_83,gene_33,0.3308980248526492
var_84,gene_34,0.06355835028602363
var_85,gene_35,0.3109823217156622
var_86,gene_36,0.32518332202674705
var_87,gene_37,0.7296061783380641
var_88,gene_38,0.6375574713552131
var_89,gene_39,0.8872127425763265
var_90,gene_40,0.4722149251619493
var_91,gene_41,0.1195942459383017
var_92,gene_42,0.713244787222995
var_93,gene_43,0.7607850486168974
var_94,gene_44,0.5612771975694962
var_95,gene_45,0.770967179954561
var_96,gene_46,0.49379559636439074
var_97,gene_47,0.5227328293819941
var_98,gene_48,0.42754101835854963
var_99,gene_49,0.02541912674409519
var_100,gene_50,0.10789142699330445
var_101,gene_1,0.03142918568673425
var_102,gene_2,0.6364104112637804
var_103,gene_3,0.3143559810763267
var_104,gene_4,0.5085706911647028
var_105,gene_5,0.907566473926093
var_106,gene_6,0.24929222914887494
var_107,gene_7,0.41038292303562973
var_108,gene_8,0.7555511385430487
var_109,gene_9,0.22879816549162246
var_110,gene_10,0.07697990982879299
var_111,gene_11,0.289751452913768
var_112,gene_12,0.16122128725400442
var_113,gene_13,0.9296976523425731
var_114,gene_14,0.808120379564417
var_115,gene_15,0.6334037565104235
var_116,gene_16,0.8714605901877177
var_117,gene_17,0.8036720768991145
var_118,gene_18,0.18657005888603584
var_119,gene_19,0.8925589984899778
var_120,gene_20,0.5393422419156507
var_121,gene_21,0.8074401551640625
var_122,gene_22,0.8960912999234932
var_123,gene_23,0.3180034749718639
var_124,gene_24,0.11005192452767676
var_125,gene_25,0.22793516254194168
var_126,gene_26,0.4271077886262563
var_127,gene_27,0.8180147659224931
var_128,gene_28,0.8607305832563434
var_129,gene_29,0.006952130531190703
var_130,gene_30,0.5107473025775657
var_131,gene_31,0.417411003148779
var_132,gene_32,0.22210781047073025
var_133,gene_33,0.1198653673336828
var_134,gene_34,0.33761517140362796
var_135,gene_35,0.9429097039125192
var_136,gene_36,0.32320293202075523
var_137,gene_37,0.5187906217433661
var_138,gene_38,0.7030189588951778
var_139,gene_39,0.363629602379294
var_140,gene_40,0.9717820827209607
var_141,gene_41,0.9624472949421112
var_142,gene_42,0.25178229582536416
var_143,gene_43,0.49724850589238545
var_144,gene_44,0.30087830981676966
var_145,gene_45,0.2848404943774676
var_146,gene_46,0.036886947354532795
var_147,gene_47,0.6095643339798968
var_148,gene_48,0.5026790232288615
var_149,gene_49,0.05147875124998935
var_150,gene_50,0.27864646423661144
var_151,gene_1,0.9082658859666537
var_152,gene_2,0.23956189066697242
var_153,gene_3,0.1448948720912231
var_154,gene_4,0.489452760277563
var_155,gene_5,0.9856504541106007
var_156,gene_6,0.2420552715115004
var_157,gene_7,0.6721355474058786
var_158,gene_8,0.7616196153287176
var_159,gene_9,0.23763754399239967
var_160,gene_10,0.7282163486118596
var_161,gene_11,0.3677831327192532
var_162,gene_12,0.6323058305935795
var_163,gene_13,0.6335297107608947
var_164,gene_14,0.5357746840747585
var_165,gene_15,0.0902897700544083
var_166,gene_16,0.835302495589238
var_167,gene_17,0.32078006497173583
var_168,gene_18,0.18651851039985423
var_169,gene_19,0.040775141554763916
var_170,gene_20,0.5908929431882418
var_171,gene_21,0.6775643618422824
var_172,gene_22,0.016587828927856152
var_173,gene_23,0.512093058299281
var_174,gene_24,0.22649577519793795
var_175,gene_25,0.6451727904094499
var_176,gene_26,0.17436642900499144
var_177,gene_27,0.690937738102466
var_178,gene_28,0.3867353463005374
var_179,gene_29,0.9367299887367345
var_180,gene_30,0.13752094414599325
var_181,gene_31,0.3410663510502585
var_182,gene_32,0.11347352124058907
var_183,gene_33,0.9246936182785628
var_184,gene_34,0.877339353380981
var_185,gene_35,0.2579416277151556
var_186,gene_36,0.659984046034179
var_187,gene_37,0.8172222002012158
var_188,gene_38,0.5552008115994623
var_189,gene_39,0.5296505783560065
var_190,gene_40,0.24185229090045168
var_191,gene_41,0.09310276780589921
var_192,gene_42,0.8972157579533268
var_193,gene_43,0.9004180571633305
var_194,gene_44,0.6331014572732679
var_195,gene_45,0.3390297910487007
var_196,gene_46,0.3492095746126609
var_197,gene_47,0.7259556788702394
var_198,gene_48,0.8971102599525771
var_199,gene_49,0.8870864242651173
var_200,gene_50,0.7798755458576239
var_201,gene_1,0.6420316461542878
var_202,gene_2,0.08413996499504883
var_203,gene_3,0.16162871409461377
var_204,gene_4,0.8985541885270792
var_205,gene_5,0.6064290596595899
var_206,gene_6,0.009197051616629648
var_207,gene_7,0.1014715428660321
var_208,gene_8,0.6635017691080558
var_209,gene_9,0.005061583846218687
var_210,gene_10,0.16080805141749865
var_211,gene_11,0.5487337893665861
var_212,gene_12,0.6918951976926933
var_213,gene_13,0.6519612595026005
var_214,gene_14,0.22426930946055978
var_215,gene_15,0.7121792213475359
var_216,gene_16,0.23724908749680007
var_217,gene_17,0.3253996981592677
var_218,gene_18,0.7464914051180241
var_219,gene_19,0.6496328990472147
var_220,gene_20,0.8492234104941779
var_221,gene_21,0.6576128923003434
var_222,gene_22,0.5683086033354716
var_223,gene_23,0.09367476782809248
var_224,gene_24,0.3677158030594335
var_225,gene_25,0.26520236768172545
var_226,gene_26,0.24398964337908358
var_227,gene_27,0.9730105547524456
var_228,gene_28,0.3930977246667604
var_229,gene_29,0.8920465551771133
var_230,gene_30,0.6311386259972629
var_231,gene_31,0.7948113035416484
var_232,gene_32,0.5026370931051921
var_233,gene_33,0.5769038846263591
var_234,gene_34,0.4925176938188639
var_235,gene_35,0.1952429877980445
var_236,gene_36,0.7224521152615053
var_237,gene_37,0.2807723624408558
var_238,gene_38,0.02431596643145384
var_239,gene_39,0.6454722959071678
var_240,gene_40,0.17711067940704894
var_241,gene_41,0.9404585843529143
var_242,gene_42,0.9539285770025874
var_243,gene_43,0.9148643902204485
var_244,gene_44,0.3701587002554444
var_245,gene_45,0.015456616528867428
var_246,gene_46,0.9283185625877254
var_247,gene_47,0.42818414831731433
var_248,gene_48,0.9666548190436696
var_249,gene_49,0.9636199770892528
var_250,gene_50,0.8530094554673601
var_251,gene_1,0.2944488920695857
var_252,gene_2,0.38509772860192526
var_253,gene_3,0.8511366715168569
var_254,gene_4,0.31692200515627766
var_255,gene_5,0.1694927466860925
var_256,gene_6,0.5568012624583502
var_257,gene_7,0.936154774160781
var_258,gene_8,0.696029796674973
var_259,gene_9,0.570061170089365
var_260,gene_10,0.09717649377076854
var_261,gene_11,0.6150072266991697
var_262,gene_12,0.9900538501042633
var_263,gene_13,0.14008401523652403
var_264,gene_14,0.5183296523637367
var_265,gene_15,0.8773730719279554
var_266,gene_16,0.7407686177542044
var_267,gene_17,0.697015740995268
var_268,gene_18,0.7024840839871093
var_269,gene_19,0.35949115121975517
var_270,gene_20,0.29359184426449336
var_271,gene_21,0.8093611554785136
var_272,gene_22,0.8101133946791808
var_273,gene_23,0.8670723185801037
var_274,gene_24,0.9132405525564713
var_275,gene_25,0.5113423988609378
var_276,gene_26,0.5015162946871996
var_277,gene_27,0.7982951789667752
var_278,gene_28,0.6499639307777652
var_279,gene_29,0.7019668772577033
var_280,gene_30,0.795792669436101
var_281,gene_31,0.8900053418175663
var_282,gene_32,0.3379951568515358
var_283,gene_33,0.375582952639944
var_284,gene_34,0.093981939840869
var_285,gene_35,0.578280140996174
var_286,gene_36,0.035942273796742086
var_287,gene_37,0.46559801813246016
var_288,gene_38,0.5426446347075766
var_289,gene_39,0.2865412521282844
var_290,gene_40,0.5908332605690108
var_291,gene_41,0.03050024993904943
var_292,gene_42,0.03734818874921442
var_293,gene_43,0.8226005606596583
var_294,gene_44,0.3601906414112629
var_295,gene_45,0.12706051265188478
var_296,gene_46,0.5222432600548044
var_297,gene_47,0.7699935530986108
var_298,gene_48,0.21582102749684318
var_299,gene_49,0.6228904758190003
var_300,gene_50,0.085347464993768
var_301,gene_1,0.0516817211686077
var_302,gene_2,0.531354631568148
var_303,gene_3,0.5406351216101065
var_304,gene_4,0.6374299014982066
var_305,gene_5,0.7260913337226615
var_306,gene_6,0.9758520794625346
var_307,gene_7,0.5163003483011953
var_308,gene_8,0.32295647294124596
var_309,gene_9,0.7951861947687037
var_310,gene_10,0.2708322512620742
var_311,gene_11,0.4389714207056361
var_312,gene_12,0.07845638134226596
var_313,gene_13,0.02535074341545751
var_314,gene_14,0.9626484146779251
var_315,gene_15,0.8359801205122058
var_316,gene_16,0.695974206093698
var_317,gene_17,0.4089529444142699
var_318,gene_18,0.17329432007084578
var_319,gene_19,0.15643704267108605
var_320,gene_20,0.25024289816459533
var_321,gene_21,0.5492266647061205
var_322,gene_22,0.7145959227000623
var_323,gene_23,0.6601973767177313
var_324,gene_24,0.27993389694594284
var_325,gene_25,0.9548652806631941
var_326,gene_26,0.7378969166957685
var_327,gene_27,0.5543540525114007
var_328,gene_28,0.6117207462343522
var_329,gene_29,0.4196000624277899
var_330,gene_30,0.24773098950115746
var_331,gene_31,0.3559726786512616
var_332,gene_32,0.7578461104643691
var_333,gene_33,0.014393488629755868
var_334,gene_34,0.11607264050691624
var_335,gene_35,0.04600264202175275
var_336,gene_36,0.040728802318970136
var_337,gene_37,0.8554605840110072
var_338,gene_38,0.7036578593800237
var_339,gene_39,0.4741738290873252
var_340,gene_40,0.09783416065100148
var_341,gene_41,0.49161587511683236
var_342,gene_42,0.4734717707805657
var_343,gene_43,0.17320186991001518
var_344,gene_44,0.43385164923797304
var_345,gene_45,0.39850473439737344
var_346,gene_46,0.6158500980522165
var_347,gene_47,0.6350936508676438
var_348,gene_48,0.04530400977204452
var_349,gene_49,0.3746126146264712
var_350,gene_50,0.6258599157142364
var_351,gene_1,0.5031362585800877
var_352,gene_2,0.8564898411883223
var_353,gene_3,0.658693631618945
var_354,gene_4,0.1629344270814297
var_355,gene_5,0.07056874740042984
var_356,gene_6,0.6424192782063156
var_357,gene_7,0.026511310541621813
var_358,gene_8,0.5857755812734633
var_359,gene_9,0.9402302414249576
var_360,gene_10,0.575474177875879
var_361,gene_11,0.3881699262065219
var_362,gene_12,0.6432882184423532
var_363,gene_13,0.45825289049151663
var_364,gene_14,0.5456167893159349
var_365,gene_15,0.9414648087765252
var_366,gene_16,0.38610263780077425
var_367,gene_17,0.9611905638239142
var_368,gene_18,0.9053506419560637
var_369,gene_19,0.19579113478929644
var_370,gene_20,0.06936130087516545
var_371,gene_21,0.10077800137742665
var_372,gene_22,0.018221825651549728
var_373,gene_23,0.0944429607559284
var_374,gene_24,0.6830067734163568
var_375,gene_25,0.07118864846022899
var_376,gene_26,0.3189756302937613
var_377,gene_27,0.8448753109694546
var_378,gene_28,0.023271935735825866
var_379,gene_29,0.8144684825889358
var_380,gene_30,0.28185477477339993
var_381,gene_31,0.11816482762165625
var_382,gene_32,0.6967371653641506
var_383,gene_33,0.628942846779884
var_384,gene_34,0.877472013527053
var_385,gene_35,0.7350710438038858
var_386,gene_36,0.8034809303848486
var_387,gene_37,0.2820345725713065
var_388,gene_38,0.17743954377972282
var_389,gene_39,0.7506147516408583
var_390,gene_40,0.806834739267264
var_391,gene_41,0.9905051420006733
var_392,gene_42,0.4126176769114265
var_393,gene_43,0.37201808579278317
var_394,gene_44,0.7764129607419968
var_395,gene_45,0.34080354025301784
var_396,gene_46,0.9307573256035647
var_397,gene_47,0.8584127518430118
var_398,gene_48,0.42899402737501835
var_399,gene_49,0.7508710677914974
var_400,gene_50,0.7545428740846823
var_401,gene_1,0.10312386883593261
var_402,gene_2,0.9025529066795667
var_403,gene_3,0.5052523724478571
var_404,gene_4,0.8264574661077416
var_405,gene_5,0.32004960103061175
var_406,gene_6,0.8955232284962005
var_407,gene_7,0.3892016787341631
var_408,gene_8,0.01083765148029836
var_409,gene_9,0.9053819764192637
var_410,gene_10,0.09128667678613356
var_411,gene_11,0.31931363759041487
var_412,gene_12,0.9500619670508049
var_413,gene_13,0.9506071469375561
var_414,gene_14,0.5734378881232861
var_415,gene_15,0.6318372121697993
var_416,gene_16,0.44844552197831977
var_417,gene_17,0.29321077169806453
var_418,gene_18,0.32866454536991596
var_419,gene_19,0.6725184560770384
var_420,gene_20,0.75237452943768
var_421,gene_21,0.7915790437258485
var_422,gene_22,0.7896181427945539
var_423,gene_23,0.09120610304869037
var_424,gene_24,0.49442030470258147
var_425,gene_25,0.057558760016644284
var_426,gene_26,0.5495288823237355
var_427,gene_27,0.441530501373377
var_428,gene_28,0.8877041827582998
var_429,gene_29,0.3509150125520787
var_430,gene_30,0.11706701642760586
var_431,gene_31,0.14299168205283586
var_432,gene_32,0.7615106317174722
var_433,gene_33,0.6182180633162611
var_434,gene_34,0.10112267612279024
var_435,gene_35,0.08410680611499743
var_436,gene_36,0.70096913145912
var_437,gene_37,0.07276300636419353
var_438,gene_38,0.8218600592903562
var_439,gene_39,0.7062422271564962
var_440,gene_40,0.08134878064189976
var_441,gene_41,0.08483771408519192
var_442,gene_42,0.9866395785011755
var_443,gene_43,0.3742707957561203
var_444,gene_44,0.3706421470668909
var_445,gene_45,0.8127995672575026
var_446,gene_46,0.9472485773838587
var_447,gene_47,0.9860010638228709
var_448,gene_48,0.7533781852589416
var_449,gene_49,0.37625958553091576
var_450,gene_50,0.08350071669866876
var_451,gene_1,0.7771469159274368
var_452,gene_2,0.558404249735805
var_453,gene_3,0.4242220092469763
var_454,gene_4,0.906354385094736
var_455,gene_5,0.11119748230615134
var_456,gene_6,0.49262510429085915
var_457,gene_7,0.011353644767419069
var_458,gene_8,0.46866064199412627
var_459,gene_9,0.05630327568183735
var_460,gene_10,0.11881791626807192
var_461,gene_11,0.11752624677710488
var_462,gene_12,0.6492103021160636
var_463,gene_13,0.7460448792654233
var_464,gene_14,0.5833687650971596
var_465,gene_15,0.9621725484745419
var_466,gene_16,0.37487057952370406
var_467,gene_17,0.28571208628186073
var_468,gene_18,0.8685991281894603
var_469,gene_19,0.22359583851945264
var_470,gene_20,0.9632225394406113
var_471,gene_21,0.012154474689816341
var_472,gene_22,0.969878826707639
var_473,gene_23,0.04315991195057611
var_474,gene_24,0.8911431136980711
var_475,gene_25,0.5277011090862999
var_476,gene_26,0.9929647961193003
var_477,gene_27,0.07379656473539886
var_478,gene_28,0.5538542844013208
var_479,gene_29,0.969302535619099
var_480,gene_30,0.5230978441701488
var_481,gene_31,0.6293986381352625
var_482,gene_32,0.6957486889846172
var_483,gene_33,0.45454106476777323
var_484,gene_34,0.6275580800840634
var_485,gene_35,0.5843143119231002
var_486,gene_36,0.901158010490989
var_487,gene_37,0.04544638034145787
var_488,gene_38,0.2809631895922303
var_489,gene_39,0.9504114840765587
var_490,gene_40,0.8902637838909163
var_491,gene_41,0.45565675278571294
var_492,gene_42,0.6201325978015367
var_493,gene_43,0.2773811829811327
var_494,gene_44,0.1881211597237613
var_495,gene_45,0.46369840493998216
var_496,gene_46,0.3533522280260528
var_497,gene_47,0.5836561118508721
var_498,gene_48,0.07773463696498484
var_499,gene_49,0.9743948076661665
var_500,gene_50,0.9862107444796029
